,다발구역버전,다발구역아이디,다발구역명,시군구코드,시군구명,사고건수,중심X,중심Y,구역반경,?
0,2021090301,1171000504,더청춘팩토리,11710,서울특별시 송파구,4,127.083076,37.506157,40,
1,2021090301,1171000505,의료법인정애의료재단서울초이스병원,11710,서울특별시 송파구,5,127.121734,37.53376,40,
2,2021090301,1171000506,풍납극동아파트,11710,서울특별시 송파구,7,127.116861,37.526038,40,
3,2021090301,1171000507,GS25S8강동구청역점,11710,서울특별시 송파구,4,127.120606,37.530674,40,
4,2021090301,1171000508,남한강올갱이,11710,서울특별시 송파구,9,127.110715,37.510812,40,
5,2021090301,1171000509,GS25시,11710,서울특별시 송파구,17,127.078809,37.510495,40,
6,2021090301,1171000510,매씨스트수학,11710,서울특별시 송파구,6,127.089289,37.5079,40,
7,2021090301,1171000511,송림빌딩입구,11710,서울특별시 송파구,3,127.115953,37.506584,40,
8,2021090301,1171000512,남경빌딩 농협석촌역지점,11710,서울특별시 송파구,14,127.108026,37.505801,40,
9,2021090301,1171000513,헤어팰리스,11710,서울특별시 송파구,9,127.088345,37.504823,40,
10,2021090301,1171000514,잠실엘스월드클래스 136동,11710,서울특별시 송파구,3,127.084434,37.516266,40,
11,2021090301,1171000515,잠실3사거리(경유),11710,서울특별시 송파구,11,127.092549,37.511904,40,
12,2021090301,1171000516,잠실역.롯데월드몰(중),11710,서울특별시 송파구,10,127.100795,37.512374,40,
13,2021090301,1171000517,잠실동,11710,서울특별시 송파구,8,127.085614,37.511655,40,
14,2021090301,1171000518,올림픽쉼터,11710,서울특별시 송파구,8,127.07151,37.510658,40,
15,2021090301,1171000519,송파구청교차로(경유),11710,서울특별시 송파구,11,127.106821,37.515477,40,
16,2021090301,1171000520,방이동,11710,서울특별시 송파구,5,127.128056,37.51185,40,
17,2021090301,1171000521,SK오금가스충전소,11710,서울특별시 송파구,5,127.131909,37.506013,40,
18,2021090301,1171000522,서울조경입구,11710,서울특별시 송파구,3,127.139677,37.507037,40,
19,2021090301,1171000523,전주교회,11710,서울특별시 송파구,3,127.135822,37.504204,40,
20,2021090301,1171000524,공익빌딩입구,11710,서울특별시 송파구,4,127.09699,37.502464,40,
21,2021090301,1171000525,휴모텔,11710,서울특별시 송파구,3,127.090831,37.499153,40,
22,2021090301,1171000526,광양장로교회,11710,서울특별시 송파구,7,127.104447,37.500146,40,
23,2021090301,1171000527,탑빌딩 서울탑치과의원,11710,서울특별시 송파구,11,127.111879,37.502487,40,
24,2021090301,1171000528,송파경찰서,11710,서울특별시 송파구,15,127.127276,37.502645,40,
25,2021090301,1171000529,서울개롱초교,11710,서울특별시 송파구,3,127.140515,37.497575,40,
26,2021090301,1171000530,가락동동부센트레빌아파트,11710,서울특별시 송파구,10,127.115862,37.49565,40,
27,2021090301,1171000531,아이티벤처타워관리단전기차충전소,11710,서울특별시 송파구,4,127.122971,37.494844,40,
28,2021090301,1171000532,장지공원,11710,서울특별시 송파구,3,127.139044,37.495362,40,
29,2021090301,1171000533,가락시장역,11710,서울특별시 송파구,10,127.118774,37.492577,40,
30,2021090301,1171000534,성암빌딩입구,11710,서울특별시 송파구,11,127.147483,37.492927,40,
31,2021090301,1171000535,이미정산부인과의원,11710,서울특별시 송파구,3,127.126518,37.491195,40,
32,2021090301,1171000536,본향교회,11710,서울특별시 송파구,3,127.128109,37.482944,40,
33,2021090301,1171000537,중산부동산중개,11710,서울특별시 송파구,8,127.124231,37.482598,40,
34,2021090301,1171000538,신흥공업사,11710,서울특별시 송파구,14,127.122015,37.486954,40,
35,2021090301,1171000539,장지교,11710,서울특별시 송파구,7,127.127204,37.476208,40,
36,2021090301,1171000540,복정역,11710,서울특별시 송파구,3,127.126656,37.470338,40,
37,2021090301,1147000299,한성아트빌,11470,서울특별시 양천구,3,126.865095,37.54618,40,
38,2021090301,1147000300,연안식당,11470,서울특별시 양천구,3,126.853846,37.518267,40,
39,2021090301,1147000301,튼튼한정형외과의원,11470,서울특별시 양천구,3,126.861458,37.514748,40,
40,2021090301,1147000302,남양가스주유소입구,11470,서울특별시 양천구,6,126.83773,37.521008,40,
41,2021090301,1147000303,스마트학생복,11470,서울특별시 양천구,3,126.826011,37.539419,40,
42,2021090301,1147000304,대우자동차판매,11470,서울특별시 양천구,5,126.875987,37.524209,40,
43,2021090301,1147000305,GS25,11470,서울특별시 양천구,4,126.864282,37.529933,40,
44,2021090301,1147000306,국민은행신월동지점,11470,서울특별시 양천구,9,126.828839,37.53583,40,
45,2021090301,1147000307,유림아파트,11470,서울특별시 양천구,10,126.839587,37.517106,40,
46,2021090301,1147000308,서울신월2동우체국,11470,서울특별시 양천구,12,126.851175,37.523588,40,
47,2021090301,1156000370,홍림빌딩,11560,서울특별시 영등포구,3,126.898157,37.500258,40,
48,2021090301,1156000371,베니키아프리미어여의도호텔,11560,서울특별시 영등포구,3,126.921711,37.513607,40,
49,2021090301,1156000372,GS강서N타워입구,11560,서울특별시 영등포구,3,126.889729,37.521018,40,
50,2021090301,1156000373,박윤규성형외과의원,11560,서울특별시 영등포구,7,126.904939,37.521023,40,
51,2021090301,1156000374,박진소아청소년과의원,11560,서울특별시 영등포구,3,126.899909,37.494877,40,
52,2021090301,1156000375,대륙철강상사,11560,서울특별시 영등포구,3,126.903039,37.515173,40,
53,2021090301,1156000376,관리사무소,11560,서울특별시 영등포구,3,126.940213,37.520925,40,
54,2021090301,1156000377,신대방동우성스포츠센타입구,11560,서울특별시 영등포구,5,126.909373,37.492599,40,
55,2021090301,1156000378,여의교북단(경유),11560,서울특별시 영등포구,6,126.928463,37.516966,40,
56,2021090301,1156000379,매리어트호텔,11560,서울특별시 영등포구,3,126.917657,37.521186,40,
57,2021090301,1156000380,여의도시티아이 수도전기통신학원,11560,서울특별시 영등포구,7,126.910577,37.51778,40,
58,2021090301,1156000381,삼익플라주아파트입구,11560,서울특별시 영등포구,3,126.893647,37.530502,40,
59,2021090301,1156000382,서원복사출력,11560,서울특별시 영등포구,6,126.895818,37.522401,40,
60,2021090301,1156000383,영등포초등학교입구,11560,서울특별시 영등포구,3,126.89748,37.512792,40,
61,2021090301,1156000384,창빌딩입구,11560,서울특별시 영등포구,3,126.896998,37.527644,40,
62,2021090301,1156000385,창대교회,11560,서울특별시 영등포구,6,126.910066,37.512279,40,
63,2021090301,1156000386,안상규벌꿀입구,11560,서울특별시 영등포구,12,126.909432,37.525219,40,
64,2021090301,1156000387,삼승빌딩입구,11560,서울특별시 영등포구,4,126.891391,37.511562,40,
65,2021090301,1156000388,정성빌딩입구,11560,서울특별시 영등포구,10,126.902501,37.491771,40,
66,2021090301,1156000389,엔조이멜론,11560,서울특별시 영등포구,5,126.882398,37.52353,40,
67,2021090301,1156000390,양화대교남단(미정차),11560,서울특별시 영등포구,4,126.899263,37.538769,40,
68,2021090301,1156000391,신풍역,11560,서울특별시 영등포구,3,126.908454,37.500084,40,
69,2021090301,1156000392,금산빌딩,11560,서울특별시 영등포구,3,126.915926,37.528406,40,
70,2021090301,1156000393,목포회집,11560,서울특별시 영등포구,6,126.898133,37.535717,40,
71,2021090301,1156000394,BBQ치킨대방점,11560,서울특별시 영등포구,10,126.916125,37.49996,40,
72,2021090301,1156000395,LG트윈타워빌딩동관 우리은행트윈타워지점,11560,서울특별시 영등포구,5,126.929377,37.52922,40,
73,2021090301,1156000396,대승프린스텔입구,11560,서울특별시 영등포구,3,126.916303,37.517781,40,
74,2021090301,1156000397,굿모닝재활의학과의원,11560,서울특별시 영등포구,6,126.901804,37.506919,40,
75,2021090301,1117000049,용산공업고교용공카센타,11170,서울특별시 용산구,6,126.967935,37.524677,40,
76,2021090301,1117000050,정윤정보통신,11170,서울특별시 용산구,3,126.96092,37.538589,40,
77,2021090301,1117000051,하이페리온2,11170,서울특별시 용산구,4,127.00676,37.528694,40,
78,2021090301,1117000052,용산구청.크라운호텔,11170,서울특별시 용산구,3,126.991349,37.5298,40,
79,2021090301,1117000053,아자쓰,11170,서울특별시 용산구,19,126.986974,37.539002,40,
80,2021090301,1117000054,서울원효로우체국,11170,서울특별시 용산구,8,126.967167,37.538671,40,
81,2021090301,1117000055,에프터스,11170,서울특별시 용산구,3,126.990131,37.534176,40,
82,2021090301,1117000056,올포유,11170,서울특별시 용산구,4,126.972769,37.542086,40,
83,2021090301,1117000057,유로피안,11170,서울특별시 용산구,7,126.995595,37.534614,40,
84,2021090301,1117000058,인천-고성선,11170,서울특별시 용산구,4,126.961817,37.522387,40,
85,2021090301,1117000059,삼각지경로당입구,11170,서울특별시 용산구,7,126.974981,37.534975,40,
86,2021090301,1117000060,한강중학교앞,11170,서울특별시 용산구,7,126.992777,37.524417,40,
87,2021090301,1117000061,노들섬,11170,서울특별시 용산구,3,126.958751,37.517541,40,
88,2021090301,1117000062,용암초등학교입구.이태원주공아파트,11170,서울특별시 용산구,3,126.988477,37.544345,40,
89,2021090301,1117000063,서빙고압축장입구,11170,서울특별시 용산구,4,126.99061,37.520225,40,
90,2021090301,1138000236,서울은평초교,11380,서울특별시 은평구,11,126.935329,37.601356,40,
91,2021090301,1138000237,유성빌딩 중화한의원,11380,서울특별시 은평구,3,126.925218,37.607932,40,
92,2021090301,1138000238,서부제일교회입구,11380,서울특별시 은평구,3,126.922796,37.585639,40,
93,2021090301,1138000239,선재빌딩 연세봄치과의원,11380,서울특별시 은평구,10,126.917286,37.590669,40,
94,2021090301,1138000240,신사지구대수색치안센터,11380,서울특별시 은평구,3,126.895359,37.582059,40,
95,2021090301,1138000241,서일빌딩입구,11380,서울특별시 은평구,3,126.92767,37.601463,40,
96,2021090301,1138000242,신사동성당,11380,서울특별시 은평구,3,126.909715,37.597003,40,
97,2021090301,1138000243,동명여고,11380,서울특별시 은평구,3,126.924522,37.615951,40,
98,2021090301,1138000244,태양주차장,11380,서울특별시 은평구,4,126.90577,37.580291,40,
99,2021090301,1138000245,6호선구산역사무소입구,11380,서울특별시 은평구,9,126.917261,37.611372,40,
100,2021090301,1138000246,미소야치과의원,11380,서울특별시 은평구,6,126.920061,37.618416,40,
101,2021090301,1138000247,리더스파크입구,11380,서울특별시 은평구,7,126.915702,37.599142,40,
102,2021090301,1138000248,역촌동새마을금고입구,11380,서울특별시 은평구,6,126.915412,37.605775,40,
103,2021090301,1138000249,신흥에너지산업입구,11380,서울특별시 은평구,7,126.900924,37.578698,40,
104,2021090301,1138000250,다름머리,11380,서울특별시 은평구,5,126.922683,37.606126,40,
105,2021090301,1138000251,새벽별장로교회,11380,서울특별시 은평구,7,126.915861,37.586056,40,
106,2021090301,1138000252,세시봉,11380,서울특별시 은평구,5,126.919865,37.62331,40,
107,2021090301,1138000253,녹원쉐르빌A동,11380,서울특별시 은평구,6,126.888326,37.586187,40,
108,2021090301,1138000254,대교불광지국,11380,서울특별시 은평구,3,126.933021,37.606951,40,
109,2021090301,1138000255,서울이웃치과의원,11380,서울특별시 은평구,6,126.914009,37.592644,40,
110,2021090301,1138000256,SC제일은행응암동지점,11380,서울특별시 은평구,3,126.922308,37.600419,40,
111,2021090301,1111000001,카페베네,11110,서울특별시 종로구,13,126.972632,37.575903,40,
112,2021090301,1111000002,GS칼텍스중앙주유소,11110,서울특별시 종로구,3,127.023059,37.57811,40,
113,2021090301,1111000003,서울종로경찰서세검정파출소,11110,서울특별시 종로구,4,126.958451,37.599779,40,
114,2021090301,1111000004,청계천대성스카이렉스1입구,11110,서울특별시 종로구,8,127.023405,37.571802,40,
115,2021090301,1111000005,동양빌딩입구,11110,서울특별시 종로구,3,126.969164,37.568326,40,
116,2021090301,1111000006,충신동,11110,서울특별시 종로구,4,127.006619,37.57414,40,
117,2021090301,1111000007,안국역5번출입구,11110,서울특별시 종로구,5,126.986318,37.576793,40,
118,2021090301,1111000008,스타벅스,11110,서울특별시 종로구,4,126.978415,37.570016,40,
119,2021090301,1111000009,광덕인테리어,11110,서울특별시 종로구,9,127.008066,37.571081,40,
120,2021090301,1111000010,탑골공원화장실,11110,서울특별시 종로구,6,126.98788,37.570319,40,
121,2021090301,1111000011,견지,11110,서울특별시 종로구,4,126.979316,37.575654,40,
122,2021090301,1111000012,커피식스,11110,서울특별시 종로구,3,126.96142,37.604281,40,
123,2021090301,1111000013,평창힐스벽산아파트,11110,서울특별시 종로구,3,126.972913,37.608416,40,
124,2021090301,1111000014,이화사거리,11110,서울특별시 종로구,6,127.002211,37.576212,40,
125,2021090301,1111000015,시카고치과병원,11110,서울특별시 종로구,12,127.023363,37.57492,40,
126,2021090301,1111000016,생수은혜축복교회,11110,서울특별시 종로구,3,126.964153,37.572413,40,
127,2021090301,1111000017,넘버원황태사랑,11110,서울특별시 종로구,3,127.021189,37.574803,40,
128,2021090301,1111000018,동화스텐,11110,서울특별시 종로구,10,127.002001,37.570371,40,
129,2021090301,1111000019,서대문역입구,11110,서울특별시 종로구,3,126.966486,37.565979,40,
130,2021090301,1111000020,국립어린이과학관입구,11110,서울특별시 종로구,3,126.997067,37.581571,40,
131,2021090301,1111000021,독립문고가차도(경유),11110,서울특별시 종로구,3,126.960451,37.57218,40,
132,2021090301,1111000022,우리은행입구,11110,서울특별시 종로구,13,127.001312,37.585267,40,
133,2021090301,1114000023,남영빌딩,11140,서울특별시 중구,8,126.99877,37.562371,40,
134,2021090301,1114000024,몬테피자,11140,서울특별시 중구,7,127.013084,37.560403,40,
135,2021090301,1114000025,복천빌딩입구,11140,서울특별시 중구,4,127.013879,37.565192,40,
136,2021090301,1114000026,은성사,11140,서울특별시 중구,7,126.998349,37.564352,40,
137,2021090301,1114000027,용스포츠,11140,서울특별시 중구,22,127.009779,37.565419,40,
138,2021090301,1114000028,삼원카센타,11140,서울특별시 중구,8,127.011931,37.553196,40,
139,2021090301,1114000029,톰캣프라자입구,11140,서울특별시 중구,6,127.010652,37.554822,40,
140,2021090301,1114000030,스노우엠,11140,서울특별시 중구,19,127.002587,37.56391,40,
141,2021090301,1114000031,동대문솔하임입구,11140,서울특별시 중구,75,127.016001,37.568013,40,
142,2021090301,1114000032,스튜디오씨나인,11140,서울특별시 중구,4,127.008309,37.55813,40,
143,2021090301,1114000033,유니멜로,11140,서울특별시 중구,6,127.005699,37.559092,40,
144,2021090301,1114000034,브라운치킨,11140,서울특별시 중구,3,126.963001,37.559302,40,
145,2021090301,1114000035,유니온베이,11140,서울특별시 중구,7,126.97286,37.559716,40,
146,2021090301,1114000036,리스안경,11140,서울특별시 중구,11,126.981672,37.560909,40,
147,2021090301,1114000037,을지로2구역지하쇼핑입구,11140,서울특별시 중구,4,126.987468,37.566054,40,
148,2021090301,1114000038,랫미커피,11140,서울특별시 중구,3,126.993231,37.561094,40,
149,2021090301,1114000039,대우재단빌딩입구,11140,서울특별시 중구,8,126.975087,37.556995,40,
150,2021090301,1114000040,재능빌딩 한국국제의료재단,11140,서울특별시 중구,3,126.978787,37.565403,40,
151,2021090301,1114000041,사르토라프,11140,서울특별시 중구,3,126.992881,37.564302,40,
152,2021090301,1114000042,바비엥3입구,11140,서울특별시 중구,3,126.969077,37.563025,40,
153,2021090301,1114000043,서울스타일치과의원,11140,서울특별시 중구,15,127.023579,37.565836,40,
154,2021090301,1114000044,한화빌딩,11140,서울특별시 중구,7,126.974996,37.563421,40,
155,2021090301,1114000045,인그루브,11140,서울특별시 중구,7,127.012329,37.568431,40,
156,2021090301,1114000046,을지로5가,11140,서울특별시 중구,6,127.002319,37.566758,40,
157,2021090301,1114000047,예지자수,11140,서울특별시 중구,3,127.00446,37.566631,40,
158,2021090301,1114000048,을지로4가역,11140,서울특별시 중구,7,126.998311,37.566641,40,
159,2021090301,1126000136,종이와연필,11260,서울특별시 중랑구,3,127.083449,37.601801,40,
160,2021090301,1126000137,영신기업입구,11260,서울특별시 중랑구,3,127.084106,37.587598,40,
161,2021090301,1126000138,미네르바,11260,서울특별시 중랑구,3,127.080835,37.595212,40,
162,2021090301,1126000139,동서울자동차공업사,11260,서울특별시 중랑구,11,127.092171,37.597946,40,
163,2021090301,1126000140,삼성디지털프라자,11260,서울특별시 중랑구,7,127.085372,37.596309,40,
164,2021090301,1126000141,시네마시티입구,11260,서울특별시 중랑구,6,127.088595,37.597195,40,
165,2021090301,1126000142,이마트,11260,서울특별시 중랑구,9,127.080195,37.592208,40,
166,2021090301,1126000143,대명자원,11260,서울특별시 중랑구,8,127.083289,37.592002,40,
167,2021090301,1126000144,참맛감자탕본사직영상봉점,11260,서울특별시 중랑구,10,127.086237,37.593509,40,
168,2021090301,1126000145,중랑경찰서후문,11260,서울특별시 중랑구,5,127.104609,37.61935,40,
169,2021090301,1126000146,극동늘푸른아파트입구,11260,서울특별시 중랑구,18,127.07674,37.614296,40,
170,2021090301,1126000147,삼원타일상사,11260,서울특별시 중랑구,7,127.078201,37.608254,40,
171,2021090301,1126000148,하나로마트,11260,서울특별시 중랑구,6,127.095392,37.605547,40,
172,2021090301,1126000149,범진빌딩,11260,서울특별시 중랑구,3,127.087414,37.60186,40,
173,2021090301,1126000150,이화세차장,11260,서울특별시 중랑구,6,127.073618,37.601459,40,
174,2021090301,1126000151,동원빌딩,11260,서울특별시 중랑구,3,127.100494,37.600562,40,
175,2021090301,1126000152,블레스,11260,서울특별시 중랑구,28,127.079496,37.601606,40,
176,2021090301,1126000153,국민은행망우동지점,11260,서울특별시 중랑구,7,127.097328,37.59955,40,
177,2021090301,1126000154,혜원여중고입구,11260,서울특별시 중랑구,4,127.095247,37.594649,40,
178,2021090301,1126000155,르노삼성자동차지정정비센터,11260,서울특별시 중랑구,15,127.076725,37.594917,40,
179,2021090301,1126000156,늘푸른자동차공업사입구,11260,서울특별시 중랑구,5,127.080036,37.574144,40,
180,2021090301,1126000157,유일빌딩,11260,서울특별시 중랑구,19,127.098744,37.593228,40,
181,2021090301,1126000158,MS빌딩입구,11260,서울특별시 중랑구,4,127.093484,37.589721,40,
182,2021090301,1126000159,형진빌딩 EBY이보영의토킹클럽,11260,서울특별시 중랑구,3,127.093497,37.583169,40,
183,2021090301,1126000160,민도노래방,11260,서울특별시 중랑구,9,127.094898,37.585914,40,
184,2021090301,1126000161,대원빌딩입구,11260,서울특별시 중랑구,7,127.07995,37.587394,40,
185,2021090301,1126000162,김피부과의원,11260,서울특별시 중랑구,26,127.08336,37.581132,40,
0,2021090301,1168000456,도이,11680,서울특별시 강남구,3,127.0579,37.492987,40,
1,2021090301,1168000457,래미안도곡카운터 104동,11680,서울특별시 강남구,5,127.05025,37.4954,40,
2,2021090301,1168000458,필다스코리아,11680,서울특별시 강남구,11,127.042604,37.48588,40,
3,2021090301,1168000459,간단하지만특별한화피디Cafe,11680,서울특별시 강남구,3,127.034801,37.491104,40,
4,2021090301,1168000460,에본빌딩입구,11680,서울특별시 강남구,3,127.045694,37.507957,40,
5,2021090301,1168000461,브이플렉스입구,11680,서울특별시 강남구,7,127.056642,37.506872,40,
6,2021090301,1168000462,서울인터내셔널타워입구,11680,서울특별시 강남구,4,127.037793,37.501139,40,
7,2021090301,1168000463,세연내과의원,11680,서울특별시 강남구,8,127.039443,37.495872,40,
8,2021090301,1168000464,신사동고개,11680,서울특별시 강남구,25,127.026084,37.518894,40,
9,2021090301,1168000465,역삼아이타워입구,11680,서울특별시 강남구,12,127.0472,37.503961,40,
10,2021090301,1168000466,휴먼스타빌,11680,서울특별시 강남구,8,127.04588,37.523993,40,
11,2021090301,1168000467,코오롱모터스삼성전시장입구,11680,서울특별시 강남구,3,127.067458,37.500999,40,
12,2021090301,1168000468,금화스포츠,11680,서울특별시 강남구,8,127.035318,37.515398,40,
13,2021090301,1168000469,네일스토리,11680,서울특별시 강남구,4,127.055616,37.490914,40,
14,2021090301,1168000470,세인트왁싱,11680,서울특별시 강남구,4,127.039801,37.516785,40,
15,2021090301,1168000471,학여울역입구,11680,서울특별시 강남구,9,127.071103,37.496767,40,
16,2021090301,1168000472,기업은행학동역지점,11680,서울특별시 강남구,5,127.030493,37.51427,40,
17,2021090301,1168000473,데코야인테리어,11680,서울특별시 강남구,5,127.042466,37.514038,40,
18,2021090301,1168000474,롯데캐슬리베아파트입구,11680,서울특별시 강남구,7,127.054732,37.496877,40,
19,2021090301,1168000475,현대오일뱅크한양주유소,11680,서울특별시 강남구,3,127.033726,37.529227,40,
20,2021090301,1168000476,밀크,11680,서울특별시 강남구,12,127.035399,37.504077,40,
21,2021090301,1168000477,상경빌딩입구,11680,서울특별시 강남구,7,127.03103,37.499012,40,
22,2021090301,1168000478,동영문화센터,11680,서울특별시 강남구,4,127.044846,37.49857,40,
23,2021090301,1168000479,쟁골마을,11680,서울특별시 강남구,3,127.104447,37.48284,40,
24,2021090301,1168000480,디디엔가구,11680,서울특별시 강남구,5,127.025199,37.512203,40,
25,2021090301,1168000481,삼원빌딩입구,11680,서울특별시 강남구,4,127.05346,37.51289,40,
26,2021090301,1168000482,삼봉빌딩입구,11680,서울특별시 강남구,10,127.043095,37.501863,40,
27,2021090301,1168000483,이디야커피,11680,서울특별시 강남구,4,127.028343,37.498136,40,
28,2021090301,1168000484,아델산부인과의원,11680,서울특별시 강남구,3,127.046893,37.476107,40,
29,2021090301,1168000485,Qulznos,11680,서울특별시 강남구,3,127.024893,37.524739,40,
30,2021090301,1168000486,제이제이헤어샵,11680,서울특별시 강남구,18,127.05669,37.502473,40,
31,2021090301,1168000487,화이팅마취통증의학과의원,11680,서울특별시 강남구,3,127.035287,37.50021,40,
32,2021090301,1168000488,망고식스코엑스사거리점,11680,서울특별시 강남구,3,127.060882,37.513125,40,
33,2021090301,1168000489,친구분식,11680,서울특별시 강남구,7,127.043892,37.510257,40,
34,2021090301,1168000490,산업은행압구정지점,11680,서울특별시 강남구,4,127.028725,37.527333,40,
35,2021090301,1168000491,인치과의원,11680,서울특별시 강남구,7,127.046739,37.494197,40,
36,2021090301,1168000492,고가네동태찜탕전문점,11680,서울특별시 강남구,3,127.033425,37.494091,40,
37,2021090301,1168000493,대치역입구,11680,서울특별시 강남구,4,127.063242,37.49453,40,
38,2021090301,1168000494,한국가스안전공사입구,11680,서울특별시 강남구,3,127.079674,37.499412,40,
39,2021090301,1168000495,배강빌딩,11680,서울특별시 강남구,16,127.03925,37.523579,40,
40,2021090301,1168000496,보전빌딩동관,11680,서울특별시 강남구,3,127.034828,37.519479,40,
41,2021090301,1168000497,삼안빌딩입구,11680,서울특별시 강남구,6,127.057061,37.520087,40,
42,2021090301,1168000498,언주역입구,11680,서울특별시 강남구,17,127.033885,37.507325,40,
43,2021090301,1168000499,송전빌딩,11680,서울특별시 강남구,3,127.050371,37.518503,40,
44,2021090301,1168000500,쇼윙,11680,서울특별시 강남구,7,127.038209,37.508964,40,
45,2021090301,1168000501,수도공고앞,11680,서울특별시 강남구,5,127.061971,37.487386,40,
46,2021090301,1168000502,삼성역입구,11680,서울특별시 강남구,6,127.063158,37.508888,40,
47,2021090301,1168000503,수서역남공영주차장요금소,11680,서울특별시 강남구,9,127.100862,37.4871,40,
48,2021090301,1174000541,암사제일교회,11740,서울특별시 강동구,4,127.13373,37.5548,40,
49,2021090301,1174000542,장동민의옹피씨,11740,서울특별시 강동구,3,127.137557,37.550052,40,
50,2021090301,1174000543,중앙프라자입구,11740,서울특별시 강동구,3,127.175068,37.564782,40,
51,2021090301,1174000544,세종-고성선,11740,서울특별시 강동구,5,127.152386,37.53819,40,
52,2021090301,1174000545,러브미의원,11740,서울특별시 강동구,21,127.123785,37.540022,40,
53,2021090301,1174000546,굿데이,11740,서울특별시 강동구,11,127.138364,37.535327,40,
54,2021090301,1174000547,점프셈교실,11740,서울특별시 강동구,5,127.13149,37.538406,40,
55,2021090301,1174000548,짜짜루짜장나라,11740,서울특별시 강동구,10,127.126745,37.5479,40,
56,2021090301,1174000549,삼정빌딩,11740,서울특별시 강동구,3,127.14242,37.544109,40,
57,2021090301,1174000550,김광환치과의원,11740,서울특별시 강동구,3,127.132603,37.544458,40,
58,2021090301,1174000551,써미트빌,11740,서울특별시 강동구,3,127.142028,37.540818,40,
59,2021090301,1174000552,굽은다리사거리,11740,서울특별시 강동구,3,127.143376,37.547772,40,
60,2021090301,1130500187,제로마트,11305,서울특별시 강북구,3,127.027993,37.621737,40,
61,2021090301,1130500188,맘스터치덕성여대점,11305,서울특별시 강북구,6,127.01429,37.648271,40,
62,2021090301,1130500189,우이교,11305,서울특별시 강북구,5,127.031111,37.643102,40,
63,2021090301,1130500190,번역서비스업,11305,서울특별시 강북구,4,127.010513,37.619349,40,
64,2021090301,1130500191,자연녹즙,11305,서울특별시 강북구,6,127.024535,37.641715,40,
65,2021090301,1130500192,대성빌딩입구,11305,서울특별시 강북구,25,127.018251,37.626466,40,
66,2021090301,1130500193,림네일샵,11305,서울특별시 강북구,3,127.026921,37.62641,40,
67,2021090301,1130500194,영광빌딩입구,11305,서울특별시 강북구,5,127.025635,37.637951,40,
68,2021090301,1130500195,번동주공3단지아파트 301동,11305,서울특별시 강북구,3,127.041368,37.630397,40,
69,2021090301,1130500196,타짜노래연습장,11305,서울특별시 강북구,21,127.027393,37.639635,40,
70,2021090301,1130500197,홀릭피씨방,11305,서울특별시 강북구,10,127.019291,37.619854,40,
71,2021090301,1130500198,수유시장.성신여대미아캠퍼스앞,11305,서울특별시 강북구,3,127.024331,37.630916,40,
72,2021090301,1130500199,보은농협쌀직판장,11305,서울특별시 강북구,19,127.020716,37.634497,40,
73,2021090301,1130500200,민스빌입구,11305,서울특별시 강북구,28,127.022353,37.642589,40,
74,2021090301,1130500201,아이러브핏,11305,서울특별시 강북구,4,127.02362,37.644757,40,
75,2021090301,1130500202,삼천리자전거미아점,11305,서울특별시 강북구,11,127.0302,37.616806,40,
76,2021090301,1130500203,신유환경,11305,서울특별시 강북구,4,127.026501,37.617675,40,
77,2021090301,1130500204,좋은기름주유소,11305,서울특별시 강북구,14,127.031115,37.635305,40,
78,2021090301,1150000309,아이블룸앤스타일,11500,서울특별시 강서구,4,126.857941,37.531692,40,
79,2021090301,1150000310,웰메이드까치산점,11500,서울특별시 강서구,9,126.845945,37.532825,40,
80,2021090301,1150000311,개화산역무인카드전용주차장,11500,서울특별시 강서구,3,126.80363,37.572531,40,
81,2021090301,1150000312,조국영치과의원,11500,서울특별시 강서구,4,126.863578,37.535527,40,
82,2021090301,1150000313,MMARKET,11500,서울특별시 강서구,3,126.836432,37.552584,40,
83,2021090301,1150000314,하나로마트서울축협,11500,서울특별시 강서구,4,126.862477,37.557207,40,
84,2021090301,1150000315,마곡역,11500,서울특별시 강서구,12,126.826858,37.559713,40,
85,2021090301,1150000316,사랑애재가복지센터,11500,서울특별시 강서구,5,126.84898,37.55086,40,
86,2021090301,1150000317,발산역5번출구,11500,서울특별시 강서구,8,126.83938,37.558531,40,
87,2021090301,1150000318,마곡지웰타워입구,11500,서울특별시 강서구,3,126.829761,37.559252,40,
88,2021090301,1150000319,마곡M밸리10단지아파트 경비실,11500,서울특별시 강서구,4,126.820638,37.560218,40,
89,2021090301,1150000320,청호프라자입구,11500,서울특별시 강서구,4,126.84439,37.557856,40,
90,2021090301,1150000321,e편한세상입구,11500,서울특별시 강서구,3,126.870309,37.548055,40,
91,2021090301,1150000322,세븐일레븐,11500,서울특별시 강서구,4,126.846659,37.54826,40,
92,2021090301,1150000323,외발산동기점,11500,서울특별시 강서구,3,126.821575,37.545532,40,
93,2021090301,1150000324,싱싱농산,11500,서울특별시 강서구,3,126.865367,37.555573,40,
94,2021090301,1150000325,삼성한의원,11500,서울특별시 강서구,5,126.843269,37.543672,40,
95,2021090301,1150000326,KB국민은행가양역지점,11500,서울특별시 강서구,4,126.851569,37.562961,40,
96,2021090301,1150000327,천우아파트,11500,서울특별시 강서구,4,126.840949,37.53981,40,
97,2021090301,1150000328,노스탈자호텔별관,11500,서울특별시 강서구,22,126.852145,37.555321,40,
98,2021090301,1150000329,CU,11500,서울특별시 강서구,6,126.864532,37.551224,40,
99,2021090301,1150000330,제트쓰리바,11500,서울특별시 강서구,3,126.847884,37.528473,40,
100,2021090301,1150000331,쉬리모텔,11500,서울특별시 강서구,3,126.839766,37.530141,40,
101,2021090301,1150000332,진성빌딩 방화교회,11500,서울특별시 강서구,5,126.811747,37.567882,40,
102,2021090301,1162000414,CU,11620,서울특별시 관악구,3,126.924043,37.485424,40,
103,2021090301,1162000415,미켈란입구,11620,서울특별시 관악구,10,126.934211,37.4855,40,
104,2021090301,1162000416,뜰,11620,서울특별시 관악구,9,126.956232,37.485784,40,
105,2021090301,1162000417,연세에듀플러스,11620,서울특별시 관악구,3,126.931816,37.479107,40,
106,2021090301,1162000418,덕흥입구,11620,서울특별시 관악구,7,126.926216,37.483794,40,
107,2021090301,1162000419,현대시장,11620,서울특별시 관악구,3,126.946948,37.48703,40,
108,2021090301,1162000420,오민선국어교습소,11620,서울특별시 관악구,3,126.919786,37.47127,40,
109,2021090301,1162000421,영락고교.영락유헬스고,11620,서울특별시 관악구,7,126.945896,37.479354,40,
110,2021090301,1162000422,사랑의병원입구,11620,서울특별시 관악구,12,126.956142,37.47942,40,
111,2021090301,1162000423,관악전치과의원,11620,서울특별시 관악구,24,126.962331,37.477574,40,
112,2021090301,1162000424,양평서울해장국,11620,서울특별시 관악구,17,126.91362,37.481768,40,
113,2021090301,1162000425,관악우리한의원,11620,서울특별시 관악구,4,126.933271,37.472156,40,
114,2021090301,1162000426,신기루황소곱창구이,11620,서울특별시 관악구,6,126.950593,37.478881,40,
115,2021090301,1162000427,로또노래방,11620,서울특별시 관악구,45,126.946318,37.481943,40,
116,2021090301,1162000428,베리타스서울입구,11620,서울특별시 관악구,8,126.936721,37.475147,40,
117,2021090301,1162000429,태광조명,11620,서울특별시 관악구,18,126.927983,37.489364,40,
118,2021090301,1162000430,포도몰입구,11620,서울특별시 관악구,20,126.929769,37.483604,40,
119,2021090301,1162000431,BEAUTE,11620,서울특별시 관악구,8,126.915134,37.477647,40,
120,2021090301,1162000432,거산상사,11620,서울특별시 관악구,3,126.937785,37.484003,40,
121,2021090301,1162000433,재활용선별장입구,11620,서울특별시 관악구,3,126.91901,37.489699,40,
122,2021090301,1121500085,굿모닝공인중개사,11215,서울특별시 광진구,9,127.087785,37.559209,40,
123,2021090301,1121500086,늘봄공인중개사,11215,서울특별시 광진구,15,127.083656,37.536174,40,
124,2021090301,1121500087,건국대학교앞,11215,서울특별시 광진구,3,127.074666,37.538684,40,
125,2021090301,1121500088,다성리버텔입구,11215,서울특별시 광진구,4,127.09257,37.539243,40,
126,2021090301,1121500089,나나헤어아트,11215,서울특별시 광진구,7,127.073596,37.553561,40,
127,2021090301,1121500090,말씀의교회입구,11215,서울특별시 광진구,4,127.076469,37.564036,40,
128,2021090301,1121500091,삼진빌딩입구,11215,서울특별시 광진구,11,127.069767,37.540261,40,
129,2021090301,1121500092,왕자빌딩입구,11215,서울특별시 광진구,3,127.078356,37.554723,40,
130,2021090301,1121500093,스시오,11215,서울특별시 광진구,3,127.072307,37.543416,40,
131,2021090301,1121500094,제니스미디어,11215,서울특별시 광진구,7,127.085339,37.544986,40,
132,2021090301,1121500095,주먹갈비,11215,서울특별시 광진구,8,127.074187,37.547272,40,
133,2021090301,1121500096,에이블씨엔씨,11215,서울특별시 광진구,4,127.079497,37.557161,40,
134,2021090301,1121500097,중마초등학교.중곡제일골목시장앞,11215,서울특별시 광진구,3,127.080744,37.565088,40,
135,2021090301,1121500098,피씨밸리,11215,서울특별시 광진구,4,127.084446,37.561045,40,
136,2021090301,1121500099,케이2입시,11215,서울특별시 광진구,5,127.091245,37.549631,40,
137,2021090301,1121500100,대영아파트입구,11215,서울특별시 광진구,3,127.084134,37.541872,40,
138,2021090301,1121500101,바른한의원,11215,서울특별시 광진구,9,127.083415,37.571371,40,
139,2021090301,1121500102,해피데이웨딩컨벤션,11215,서울특별시 광진구,7,127.086195,37.531397,40,
140,2021090301,1121500103,정경자수학보습학원,11215,서울특별시 광진구,4,127.09566,37.541263,40,
141,2021090301,1153000333,성원하이츠나동,11530,서울특별시 구로구,8,126.836002,37.488685,40,
142,2021090301,1153000334,성인약국,11530,서울특별시 구로구,3,126.856407,37.486247,40,
143,2021090301,1153000335,만쥬커피,11530,서울특별시 구로구,10,126.894662,37.493128,40,
144,2021090301,1153000336,광진빌딩입구,11530,서울특별시 구로구,4,126.888559,37.495287,40,
145,2021090301,1153000337,고척교,11530,서울특별시 구로구,6,126.870506,37.499104,40,
146,2021090301,1153000338,한국산업단지공단.이마트구로점,11530,서울특별시 구로구,3,126.897101,37.483893,40,
147,2021090301,1153000339,구로고척케어빌한의원,11530,서울특별시 구로구,9,126.859074,37.50638,40,
148,2021090301,1153000340,서울특별시구로소방서,11530,서울특별시 구로구,3,126.865017,37.497993,40,
149,2021090301,1153000341,개봉본동3빗물펌프장,11530,서울특별시 구로구,7,126.847948,37.499063,40,
150,2021090301,1153000342,SC메디칼센터빌딩,11530,서울특별시 구로구,3,126.84016,37.494423,40,
151,2021090301,1153000343,멕시칸치킨,11530,서울특별시 구로구,5,126.856776,37.4973,40,
152,2021090301,1153000344,현대오일뱅크신구로주유소,11530,서울특별시 구로구,8,126.892884,37.497653,40,
153,2021090301,1153000345,하버라인8단지입구,11530,서울특별시 구로구,3,126.81829,37.476109,40,
154,2021090301,1153000346,풍성한교회,11530,서울특별시 구로구,3,126.856148,37.490094,40,
155,2021090301,1153000347,신세기아파트,11530,서울특별시 구로구,4,126.853332,37.493865,40,
156,2021090301,1153000348,신도림2차동아아파트입구,11530,서울특별시 구로구,18,126.886836,37.508095,40,
157,2021090301,1153000349,영화아파트,11530,서울특별시 구로구,4,126.860253,37.496778,40,
158,2021090301,1153000350,천왕역광역환승센터,11530,서울특별시 구로구,4,126.839547,37.486965,40,
159,2021090301,1153000351,성원빌딩입구,11530,서울특별시 구로구,6,126.846038,37.501414,40,
160,2021090301,1153000352,햇빛치과의원,11530,서울특별시 구로구,7,126.84353,37.495857,40,
161,2021090301,1153000353,구로디지털단지역(중),11530,서울특별시 구로구,25,126.902304,37.483919,40,
162,2021090301,1153000354,(주)청우,11530,서울특별시 구로구,3,126.893505,37.482333,40,
0,2021090301,1154500355,베스트마트,11545,서울특별시 금천구,3,126.903142,37.472332,40,0.0
1,2021090301,1154500356,신흥빌딩입구,11545,서울특별시 금천구,7,126.898679,37.47751,40,1.0
2,2021090301,1154500357,엘림데이케어센터,11545,서울특별시 금천구,6,126.901707,37.466493,40,2.0
3,2021090301,1154500358,M모텔,11545,서울특별시 금천구,4,126.903609,37.476282,40,3.0
4,2021090301,1154500359,아마존,11545,서울특별시 금천구,13,126.903998,37.479899,40,4.0
5,2021090301,1154500360,경희으뜸한의원,11545,서울특별시 금천구,4,126.902774,37.46466,40,5.0
6,2021090301,1154500361,협진식품빌딩입구,11545,서울특별시 금천구,13,126.89629,37.466546,40,6.0
7,2021090301,1154500362,영진빌딩입구,11545,서울특별시 금천구,12,126.898196,37.471442,40,7.0
8,2021090301,1154500363,임안과,11545,서울특별시 금천구,11,126.900682,37.454752,40,8.0
9,2021090301,1154500364,하이마트독산동점입구,11545,서울특별시 금천구,9,126.897798,37.461894,40,9.0
10,2021090301,1154500365,힐링,11545,서울특별시 금천구,21,126.89089,37.478471,40,10.0
11,2021090301,1154500366,온유치과의원,11545,서울특별시 금천구,12,126.904902,37.460037,40,11.0
12,2021090301,1154500367,재롱이애견,11545,서울특별시 금천구,7,126.902332,37.468948,40,12.0
13,2021090301,1154500368,늘기쁜교회,11545,서울특별시 금천구,3,126.905611,37.456255,40,13.0
14,2021090301,1154500369,독산2동주민센터입구,11545,서울특별시 금천구,3,126.903907,37.462917,40,14.0
15,2021090301,1135000215,대지메디칼,11350,서울특별시 노원구,8,127.068378,37.66329,40,0.0
16,2021090301,1135000216,마들역,11350,서울특별시 노원구,3,127.058031,37.664288,40,1.0
17,2021090301,1135000217,에스시스템,11350,서울특별시 노원구,11,127.050728,37.62498,40,2.0
18,2021090301,1135000218,가온요양원,11350,서울특별시 노원구,9,127.064956,37.658924,40,3.0
19,2021090301,1135000219,공릉동우체국입구,11350,서울특별시 노원구,4,127.075414,37.618303,40,4.0
20,2021090301,1135000220,대성사약국입구,11350,서울특별시 노원구,13,127.073638,37.623677,40,5.0
21,2021090301,1135000221,서울수락치과의원,11350,서울특별시 노원구,6,127.056257,37.670933,40,6.0
22,2021090301,1135000222,노원아동복지회관,11350,서울특별시 노원구,3,127.070635,37.645289,40,7.0
23,2021090301,1135000223,먹보순대국설렁탕,11350,서울특별시 노원구,10,127.055404,37.675148,40,8.0
24,2021090301,1135000224,멍석숯불갈비,11350,서울특별시 노원구,4,127.056325,37.667121,40,9.0
25,2021090301,1135000225,간단하지만특별한화피디Cafe,11350,서울특별시 노원구,3,127.077727,37.652102,40,10.0
26,2021090301,1135000226,서라벌고교송덕도서관,11350,서울특별시 노원구,3,127.076444,37.644427,40,11.0
27,2021090301,1135000227,중계역,11350,서울특별시 노원구,6,127.064279,37.644833,40,12.0
28,2021090301,1135000228,중계무지개아파트,11350,서울특별시 노원구,3,127.066001,37.64109,40,13.0
29,2021090301,1135000229,초록별어린이집,11350,서울특별시 노원구,4,127.06832,37.635961,40,14.0
30,2021090301,1135000230,돈까스가게,11350,서울특별시 노원구,4,127.071822,37.634081,40,15.0
31,2021090301,1135000231,하계극동아파트,11350,서울특별시 노원구,3,127.064661,37.633703,40,16.0
32,2021090301,1135000232,노원구재활용센타2관,11350,서울특별시 노원구,3,127.074277,37.654659,40,17.0
33,2021090301,1135000233,노원역지구대입구,11350,서울특별시 노원구,3,127.067144,37.655092,40,18.0
34,2021090301,1135000234,금성여관,11350,서울특별시 노원구,8,127.076997,37.664907,40,19.0
35,2021090301,1135000235,아방셀프다이어트,11350,서울특별시 노원구,10,127.061325,37.651781,40,20.0
36,2021090301,1132000205,미라인치과의원,11320,서울특별시 도봉구,4,127.033403,37.646473,40,0.0
37,2021090301,1132000206,항준외과의원,11320,서울특별시 도봉구,11,127.036185,37.651045,40,1.0
38,2021090301,1132000207,창동주공3단지아파트 311호,11320,서울특별시 도봉구,4,127.043722,37.651354,40,2.0
39,2021090301,1132000208,롯데하이마트,11320,서울특별시 도봉구,5,127.052544,37.652811,40,3.0
40,2021090301,1132000209,금용아파트입구,11320,서울특별시 도봉구,7,127.027681,37.649569,40,4.0
41,2021090301,1132000210,티스테이션도봉대리점,11320,서울특별시 도봉구,11,127.042637,37.663752,40,5.0
42,2021090301,1132000211,마벨스튜디오,11320,서울특별시 도봉구,13,127.038429,37.654893,40,6.0
43,2021090301,1132000212,평강오토바이센타,11320,서울특별시 도봉구,3,127.044394,37.671222,40,7.0
44,2021090301,1132000213,대성빌라입구,11320,서울특별시 도봉구,6,127.045354,37.679265,40,8.0
45,2021090301,1132000214,탄탄의원,11320,서울특별시 도봉구,3,127.045724,37.687442,40,9.0
46,2021090301,1123000104,피자파인트리,11230,서울특별시 동대문구,3,127.06772,37.59091,40,0.0
47,2021090301,1123000105,성원철물공구,11230,서울특별시 동대문구,7,127.052813,37.568167,40,1.0
48,2021090301,1123000106,백죠다방,11230,서울특별시 동대문구,10,127.051497,37.585667,40,2.0
49,2021090301,1123000107,미쳐버린파닭,11230,서울특별시 동대문구,10,127.032951,37.586415,40,3.0
50,2021090301,1123000108,즐거운교회,11230,서울특별시 동대문구,12,127.037741,37.586515,40,4.0
51,2021090301,1123000109,동아제약앞,11230,서울특별시 동대문구,19,127.030535,37.572534,40,5.0
52,2021090301,1123000110,중앙치과의원,11230,서울특별시 동대문구,5,127.042373,37.579205,40,6.0
53,2021090301,1123000111,그리그리쿡,11230,서울특별시 동대문구,5,127.062225,37.602733,40,7.0
54,2021090301,1123000112,오로라온누리약국,11230,서울특별시 동대문구,3,127.049986,37.578856,40,8.0
55,2021090301,1123000113,현대썬앤빌청계오피스텔,11230,서울특별시 동대문구,4,127.055476,37.566041,40,9.0
56,2021090301,1123000114,한국외국어대학교입구,11230,서울특별시 동대문구,10,127.060268,37.596471,40,10.0
57,2021090301,1123000115,뚱이벨라,11230,서울특별시 동대문구,11,127.056636,37.572833,40,11.0
58,2021090301,1123000116,다맛골,11230,서울특별시 동대문구,4,127.026777,37.573997,40,12.0
59,2021090301,1123000117,선정형외과의원,11230,서울특별시 동대문구,21,127.038202,37.576052,40,13.0
60,2021090301,1123000118,올치과의원,11230,서울특별시 동대문구,24,127.05608,37.590128,40,14.0
61,2021090301,1123000119,임용준치과의원,11230,서울특별시 동대문구,13,127.057346,37.577225,40,15.0
62,2021090301,1123000120,AUTO팩토리,11230,서울특별시 동대문구,3,127.030429,37.578617,40,16.0
63,2021090301,1123000121,주정형외과의원,11230,서울특별시 동대문구,4,127.047569,37.575971,40,17.0
64,2021090301,1123000122,전곡시장앞,11230,서울특별시 동대문구,11,127.067947,37.577138,40,18.0
65,2021090301,1123000123,재건공조,11230,서울특별시 동대문구,23,127.036375,37.59126,40,19.0
66,2021090301,1123000124,대원빌딩,11230,서울특별시 동대문구,4,127.065174,37.570873,40,20.0
67,2021090301,1123000125,귀빈,11230,서울특별시 동대문구,24,127.071388,37.571526,40,21.0
68,2021090301,1123000126,아름경로당,11230,서울특별시 동대문구,3,127.068553,37.593779,40,22.0
69,2021090301,1123000127,퓨전한신포차,11230,서울특별시 동대문구,9,127.065112,37.562192,40,23.0
70,2021090301,1123000128,레드팡과자점,11230,서울특별시 동대문구,3,127.068528,37.572552,40,24.0
71,2021090301,1123000129,월드정보통신,11230,서울특별시 동대문구,10,127.066206,37.572589,40,25.0
72,2021090301,1123000130,힐스포츠파크입구,11230,서울특별시 동대문구,6,127.063827,37.572769,40,26.0
73,2021090301,1123000131,티에이치비엠,11230,서울특별시 동대문구,4,127.072184,37.578803,40,27.0
74,2021090301,1123000132,힐튼모텔,11230,서울특별시 동대문구,15,127.050178,37.571447,40,28.0
75,2021090301,1123000133,장평근린공원테니스장,11230,서울특별시 동대문구,5,127.074078,37.566371,40,29.0
76,2021090301,1123000134,안암오거리,11230,서울특별시 동대문구,3,127.029407,37.582642,40,30.0
77,2021090301,1123000135,경동전자,11230,서울특별시 동대문구,6,127.038624,37.582958,40,31.0
120,2021090301,1159000398,네이처리퍼블릭,11590,서울특별시 동작구,7,126.947449,37.503473,40,0.0
121,2021090301,1159000399,동작주차공원입구,11590,서울특별시 동작구,6,126.975696,37.503944,40,1.0
122,2021090301,1159000400,수진세인트빌딩입구,11590,서울특별시 동작구,22,126.930911,37.500087,40,2.0
123,2021090301,1159000401,노량진역,11590,서울특별시 동작구,7,126.941456,37.513531,40,3.0
124,2021090301,1159000402,노량북고가차도,11590,서울특별시 동작구,3,126.956098,37.513617,40,4.0
125,2021090301,1159000403,국민은행노량진중앙지점,11590,서울특별시 동작구,3,126.936637,37.513382,40,5.0
126,2021090301,1159000404,동작문화복지센터.동작보건소,11590,서울특별시 동작구,20,126.941044,37.505128,40,6.0
127,2021090301,1159000405,샤인빌라,11590,서울특별시 동작구,3,126.951953,37.504828,40,7.0
128,2021090301,1159000406,숭실대입구역,11590,서울특별시 동작구,12,126.953382,37.496524,40,8.0
129,2021090301,1159000407,명수대현대아파트입구,11590,서울특별시 동작구,3,126.96702,37.506916,40,9.0
130,2021090301,1159000408,동작구청쓰레기중간집하장,11590,서울특별시 동작구,3,126.963896,37.508669,40,10.0
131,2021090301,1159000409,청수약국입구,11590,서울특별시 동작구,18,126.908371,37.48769,40,11.0
132,2021090301,1159000410,필라(FILA)입구,11590,서울특별시 동작구,25,126.982126,37.485423,40,12.0
133,2021090301,1159000411,유성빌라입구,11590,서울특별시 동작구,10,126.970445,37.484893,40,13.0
134,2021090301,1159000412,우리은행입구,11590,서울특별시 동작구,15,126.979619,37.476687,40,14.0
135,2021090301,1159000413,수석빌딩,11590,서울특별시 동작구,3,126.924069,37.499729,40,15.0
136,2021090301,1144000276,대동입구,11440,서울특별시 마포구,3,126.91867,37.555442,40,0.0
137,2021090301,1144000277,마포구청역,11440,서울특별시 마포구,4,126.903767,37.563065,40,1.0
138,2021090301,1144000278,공덕역(중),11440,서울특별시 마포구,9,126.950987,37.543942,40,2.0
139,2021090301,1144000279,기업은행서교동지점,11440,서울특별시 마포구,9,126.911514,37.554172,40,3.0
140,2021090301,1144000280,이화명가,11440,서울특별시 마포구,6,126.918489,37.552503,40,4.0
141,2021090301,1144000281,비에스케이코퍼레이션,11440,서울특별시 마포구,3,126.923755,37.552294,40,5.0
142,2021090301,1144000282,연남동,11440,서울특별시 마포구,3,126.922235,37.563031,40,6.0
143,2021090301,1144000283,간단하지만특별한화피디Cafe,11440,서울특별시 마포구,7,126.928893,37.554005,40,7.0
144,2021090301,1144000284,청기와숯불갈비,11440,서울특별시 마포구,4,126.90829,37.558067,40,8.0
145,2021090301,1144000285,연세여우치과의원,11440,서울특별시 마포구,6,126.923601,37.557566,40,9.0
146,2021090301,1144000286,마포역,11440,서울특별시 마포구,7,126.947559,37.540735,40,10.0
147,2021090301,1144000287,홍대입구역교차로(경유),11440,서울특별시 마포구,12,126.921559,37.555213,40,11.0
148,2021090301,1144000288,신안빌딩입구,11440,서울특별시 마포구,5,126.912027,37.56518,40,12.0
149,2021090301,1144000289,성산빌딩입구,11440,서울특별시 마포구,5,126.914199,37.562513,40,13.0
150,2021090301,1144000290,요미네떡볶이,11440,서울특별시 마포구,7,126.946024,37.546172,40,14.0
151,2021090301,1144000291,우린칼국수,11440,서울특별시 마포구,11,126.917833,37.548119,40,15.0
152,2021090301,1144000292,신성기사식당,11440,서울특별시 마포구,11,126.938782,37.547265,40,16.0
153,2021090301,1144000293,얀씨클럽,11440,서울특별시 마포구,4,126.929214,37.547571,40,17.0
154,2021090301,1144000294,공덕제2주민센터,11440,서울특별시 마포구,6,126.953823,37.54784,40,18.0
155,2021090301,1144000295,사라헤어,11440,서울특별시 마포구,3,126.918595,37.557866,40,19.0
156,2021090301,1144000296,성제빌딩,11440,서울특별시 마포구,6,126.915572,37.554949,40,20.0
157,2021090301,1144000297,페이브크로아상,11440,서울특별시 마포구,4,126.923854,37.560109,40,21.0
158,2021090301,1144000298,상암동입구,11440,서울특별시 마포구,4,126.898747,37.573432,40,22.0
159,2021090301,1141000257,동경.에이스.시몬스침대,11410,서울특별시 서대문구,6,126.930974,37.557314,40,0.0
160,2021090301,1141000258,ABC마트,11410,서울특별시 서대문구,11,126.944066,37.556754,40,1.0
161,2021090301,1141000259,신촌역입구,11410,서울특별시 서대문구,12,126.935584,37.555614,40,2.0
162,2021090301,1141000260,고창신림농협직판장입구,11410,서울특별시 서대문구,5,126.948182,37.594368,40,3.0
163,2021090301,1141000261,요셉이비인후과의원,11410,서울특별시 서대문구,4,126.941259,37.591533,40,4.0
164,2021090301,1141000262,디테일,11410,서울특별시 서대문구,4,126.948183,37.584994,40,5.0
165,2021090301,1141000263,백년모텔,11410,서울특별시 서대문구,5,126.911029,37.584031,40,6.0
166,2021090301,1141000264,기업은행홍은동지점,11410,서울특별시 서대문구,7,126.93673,37.582308,40,7.0
167,2021090301,1141000265,금풍상사,11410,서울특별시 서대문구,3,126.928104,37.580185,40,8.0
168,2021090301,1141000266,명품청기와감자탕,11410,서울특별시 서대문구,3,126.929867,37.577796,40,9.0
169,2021090301,1141000267,청양빌딩입구,11410,서울특별시 서대문구,4,126.909585,37.57766,40,10.0
170,2021090301,1141000268,중앙치과의원,11410,서울특별시 서대문구,3,126.925769,37.576027,40,11.0
171,2021090301,1141000269,스튜디오뮌,11410,서울특별시 서대문구,7,126.931322,37.569574,40,12.0
172,2021090301,1141000270,DMC래미안e-편한세상3단지,11410,서울특별시 서대문구,4,126.907158,37.575205,40,13.0
173,2021090301,1141000271,SK에너지행촌제2주유소,11410,서울특별시 서대문구,7,126.941429,37.56123,40,14.0
174,2021090301,1141000272,쓰리알유씨티아파트입구,11410,서울특별시 서대문구,4,126.926841,37.558871,40,15.0
175,2021090301,1141000273,와플대학,11410,서울특별시 서대문구,7,126.930419,37.566198,40,16.0
176,2021090301,1141000274,쉼터고시텔,11410,서울특별시 서대문구,3,126.952011,37.557152,40,17.0
177,2021090301,1141000275,북아현1치안센터,11410,서울특별시 서대문구,3,126.956187,37.557405,40,18.0
178,2021090301,1165000434,디지털프라자반포점,11650,서울특별시 서초구,7,126.997042,37.499458,40,0.0
179,2021090301,1165000435,구보빌딩입구,11650,서울특별시 서초구,5,127.042731,37.481761,40,1.0
180,2021090301,1165000436,서초장미어린이집,11650,서울특별시 서초구,3,127.028409,37.483895,40,2.0
181,2021090301,1165000437,박치과의원,11650,서울특별시 서초구,4,127.00899,37.483672,40,3.0
182,2021090301,1165000438,뱅뱅사거리(경유),11650,서울특별시 서초구,4,127.031519,37.489532,40,4.0
183,2021090301,1165000439,SK네트웍스서초제일주유,11650,서울특별시 서초구,3,127.022371,37.490766,40,5.0
184,2021090301,1165000440,kt연구소,11650,서울특별시 서초구,3,127.031146,37.471323,40,6.0
185,2021090301,1165000441,롯데리아강남우성사거리점,11650,서울특별시 서초구,7,127.02997,37.49305,40,7.0
186,2021090301,1165000442,가나안법률사무소,11650,서울특별시 서초구,7,127.013416,37.493659,40,8.0
187,2021090301,1165000443,예술의전당입구,11650,서울특별시 서초구,7,127.013048,37.48066,40,9.0
188,2021090301,1165000444,두레,11650,서울특별시 서초구,16,127.011804,37.487523,40,10.0
189,2021090301,1165000445,양재역(서초구청),11650,서울특별시 서초구,4,127.034061,37.484584,40,11.0
190,2021090301,1165000446,덕성빌딩입구,11650,서울특별시 서초구,6,127.000881,37.505559,40,12.0
191,2021090301,1165000447,문정아이파크모델하우스,11650,서울특별시 서초구,12,127.022336,37.49621,40,13.0
192,2021090301,1165000448,은도빌딩,11650,서울특별시 서초구,12,127.02387,37.505816,40,14.0
193,2021090301,1165000449,교육개발원입구,11650,서울특별시 서초구,5,127.038422,37.478022,40,15.0
194,2021090301,1165000450,현대자동차반포지점,11650,서울특별시 서초구,3,127.010539,37.504508,40,16.0
195,2021090301,1165000451,연세사랑병원입구,11650,서울특별시 서초구,3,126.985992,37.475831,40,17.0
196,2021090301,1165000452,동덕여고,11650,서울특별시 서초구,3,126.992712,37.473913,40,18.0
197,2021090301,1165000453,가인빌딩입구,11650,서울특별시 서초구,4,127.038504,37.473876,40,19.0
198,2021090301,1165000454,교동짬뽕,11650,서울특별시 서초구,8,127.020613,37.510922,40,20.0
199,2021090301,1165000455,월풀,11650,서울특별시 서초구,4,126.986396,37.501134,40,21.0
200,2021090301,1120000064,현대오일뱅크성동주유소,11200,서울특별시 성동구,15,127.044102,37.566881,40,0.0
201,2021090301,1120000065,JY빌딩,11200,서울특별시 성동구,5,127.069002,37.551237,40,1.0
202,2021090301,1120000066,신한철치과의원,11200,서울특별시 성동구,12,127.041211,37.560128,40,2.0
203,2021090301,1120000067,일하는여성의집입구,11200,서울특별시 성동구,3,127.073891,37.559448,40,3.0
204,2021090301,1120000068,태인카센타,11200,서울특별시 성동구,3,127.070827,37.560609,40,4.0
205,2021090301,1120000069,르노삼성자동차성수사업소입구,11200,서울특별시 성동구,3,127.059929,37.548238,40,5.0
206,2021090301,1120000070,스시도쿠,11200,서울특별시 성동구,5,127.035815,37.561062,40,6.0
207,2021090301,1120000071,장안동충전소LPG,11200,서울특별시 성동구,10,127.05853,37.562673,40,7.0
208,2021090301,1120000072,KEB하나은행화양동지점,11200,서울특별시 성동구,14,127.067468,37.548311,40,8.0
209,2021090301,1120000073,HairSalonS#,11200,서울특별시 성동구,4,127.050069,37.546299,40,9.0
210,2021090301,1120000074,고가네칼국수,11200,서울특별시 성동구,7,127.017742,37.545658,40,10.0
211,2021090301,1120000075,성수대교북단교차로,11200,서울특별시 성동구,23,127.035867,37.543666,40,11.0
212,2021090301,1120000076,성수현대그린아파트,11200,서울특별시 성동구,6,127.049584,37.540231,40,12.0
213,2021090301,1120000077,e편한세상금호117동,11200,서울특별시 성동구,6,127.025261,37.552367,40,13.0
214,2021090301,1120000078,태평양미용실,11200,서울특별시 성동구,5,127.054154,37.538969,40,14.0
215,2021090301,1120000079,목치과입구,11200,서울특별시 성동구,6,127.030101,37.564131,40,15.0
216,2021090301,1120000080,영동장모텔,11200,서울특별시 성동구,3,127.060848,37.536236,40,16.0
217,2021090301,1120000081,지하철2호선,11200,서울특별시 성동구,19,127.060501,37.543238,40,17.0
218,2021090301,1120000082,부동산임대,11200,서울특별시 성동구,8,127.026527,37.570562,40,18.0
219,2021090301,1120000083,동아맨션입구,11200,서울특별시 성동구,4,127.036532,37.566068,40,19.0
220,2021090301,1120000084,지하철2호선,11200,서울특별시 성동구,7,127.044082,37.55163,40,20.0
221,2021090301,1129000163,세심촌월곡점,11290,서울특별시 성북구,9,127.036213,37.608321,40,0.0
222,2021090301,1129000164,디올패션,11290,서울특별시 성북구,29,127.025855,37.603341,40,1.0
223,2021090301,1129000165,피쉬천국,11290,서울특별시 성북구,17,127.029247,37.607942,40,2.0
224,2021090301,1129000166,월곡2동주민센터,11290,서울특별시 성북구,4,127.047727,37.605987,40,3.0
225,2021090301,1129000167,김종탁치과의원,11290,서울특별시 성북구,3,127.050016,37.613377,40,4.0
226,2021090301,1129000168,장위판매대리점판대매리,11290,서울특별시 성북구,3,127.037464,37.61304,40,5.0
227,2021090301,1129000169,류인테리어,11290,서울특별시 성북구,4,127.00761,37.612775,40,6.0
228,2021090301,1129000170,북서울꿈의숲,11290,서울특별시 성북구,3,127.044978,37.620136,40,7.0
229,2021090301,1129000171,장월1교,11290,서울특별시 성북구,3,127.038038,37.602623,40,8.0
230,2021090301,1129000172,새마을금고정릉1동점,11290,서울특별시 성북구,3,127.016986,37.603098,40,9.0
231,2021090301,1129000173,올킬모터워시,11290,서울특별시 성북구,8,127.012597,37.603846,40,10.0
232,2021090301,1129000174,이은자한복점,11290,서울특별시 성북구,4,127.005729,37.588756,40,11.0
233,2021090301,1129000175,명품상설매장,11290,서울특별시 성북구,8,127.018599,37.588421,40,12.0
234,2021090301,1129000176,고려빌딩,11290,서울특별시 성북구,6,127.021749,37.58107,40,13.0
235,2021090301,1129000177,좋은비타민,11290,서울특별시 성북구,3,127.028263,37.586261,40,14.0
236,2021090301,1129000178,종암우림카이저팰리스입구,11290,서울특별시 성북구,15,127.033035,37.601981,40,15.0
237,2021090301,1129000179,김안과의원,11290,서울특별시 성북구,17,127.041903,37.602431,40,16.0
238,2021090301,1129000180,새마을금고입구,11290,서울특별시 성북구,6,127.01041,37.588379,40,17.0
239,2021090301,1129000181,석계역1번출구,11290,서울특별시 성북구,4,127.065009,37.614894,40,18.0
240,2021090301,1129000182,위니아딤채,11290,서울특별시 성북구,8,127.012689,37.591435,40,19.0
241,2021090301,1129000183,제일사,11290,서울특별시 성북구,3,127.021402,37.601773,40,20.0
242,2021090301,1129000184,미니스톱,11290,서울특별시 성북구,11,127.017784,37.593502,40,21.0
243,2021090301,1129000185,들꽃이한의원,11290,서울특별시 성북구,3,127.053216,37.608757,40,22.0
244,2021090301,1129000186,야원빌딩입구,11290,서울특별시 성북구,3,127.009871,37.60835,40,23.0
